,precision,recall,f1_score
UPPERCASE,0.939539,0.920411,0.929877
PERIOD,0.898105,0.915449,0.906694
COMMA,0.831019,0.821862,0.826415
COLON,0.617288,0.281319,0.386498
EXCLAMATION,0.543354,0.492547,0.516705
QUESTION,0.822522,0.84012,0.831228
mean,0.775305,0.711951,0.732903
