,precision,recall,f1_score
UPPERCASE,0.9406118426023229,0.9139202893654365,0.927073985458038
PERIOD,0.03396277462038621,0.07063819075013975,0.04587087592434106
COMMA,0.061767329154325604,0.3659161037074226,0.10569341098546069
COLON,0.0023358692686767666,0.177943807218773,0.004611207196864597
EXCLAMATION,0.009488397022000017,0.02914994339816816,0.014316672668802162
QUESTION,0.0033123377846025694,0.22789068937105192,0.0065297669364395355
mean,0.17524642507538568,0.2975765039684986,0.18401598652832432
