,precision,recall,f1_score
UPPERCASE,0.0,0.0,0.0
PERIOD,0.6170149253731343,0.6401362650975534,0.6283629730962152
COMMA,0.581686163775716,0.3286235186873291,0.4199796126401631
COLON,0.0,0.0,0.0
EXCLAMATION,0.7,0.0875,0.15555555555555553
QUESTION,0.606508875739645,0.4691075514874142,0.5290322580645161
mean,0.41753499414808254,0.2542278892120494,0.288821733226075
