,precision,recall,f1_score
UPPERCASE,0.9401027324124133,0.9070365152019461,0.923273659460685
PERIOD,0.8873539765425178,0.9112441369302132,0.8991403943428397
COMMA,0.8226483663622477,0.8141368118697948,0.8183704583682476
COLON,0.6592615290332465,0.22640218878248974,0.33705400853797046
EXCLAMATION,0.5795231518499673,0.41023464032108675,0.48040131360911087
QUESTION,0.8092161349665724,0.8255515883914676,0.8173022454852378
mean,0.7830176485278275,0.6824343135828331,0.7125903466340152
