,precision,recall,f1_score
UPPERCASE,0.07798643873322389,0.03197801730286521,0.045357414151740404
PERIOD,0.8792857646975792,0.9224390370312784,0.9003456169162588
COMMA,0.8371246377615076,0.8050409751394532,0.8207693906174002
COLON,0.6528089887640449,0.24455435125749764,0.35581413151649693
EXCLAMATION,0.5953073778039707,0.4158176391890501,0.48963145856370327
QUESTION,0.8209782584001636,0.8270850498947175,0.8240203399879145
mean,0.6439152443600816,0.5411525116358104,0.5726563919589189
