,precision,recall,f1_score
UPPERCASE,0.928106907190246,0.9089757414871693,0.9184417094679717
PERIOD,0.8796142998128664,0.9046116302931144,0.8919378564749244
COMMA,0.8097077668175884,0.8037692474276608,0.806727578546564
COLON,0.58968850698174,0.2596972563859981,0.36059113300492607
EXCLAMATION,0.5843091819423181,0.36291441788743256,0.4477384783677093
QUESTION,0.8228956228956229,0.7826703570693323,0.8022790953960866
mean,0.769053714273397,0.6704397750917845,0.7046193085430303
